Matricule,Nom de famille,Prenom ,debut de la periode de paie,Fin de la periode de paie,Jours d'absence,Jours de presence,Nombre de retards,Heures normales /40h,heures normales complementaires ,HS 15%,HS 50%,HS 75%,HS 100%
CH006,AKA,KOUTOUA ANGE ,01/05/22,31/05/22,,30,,40,,,,,
TEMP1,ASSOUMAH,ASHRAF,01/05/22,31/05/22,,30,,40,,,,,
TEMP2,ASTRIDE ,OLIVE ,01/05/22,31/05/22,,30,,40,,,,,
TEMP3,BALLO ,PACOME HERVE ,01/05/22,31/05/22,1,29,,40,,,,,
TEMP4,BANGA ,ASSANVO DIDIER ,01/05/22,31/05/22,,30,1,40,,,,,
CE050,COULIBALY ,KELETIGUI ,01/05/22,31/05/22,,30,1,40,,,,,
AD027,DEBETOU,NAOMI,01/05/22,31/05/22,,30,,40,,,,,
CE083,DIBOUE ,TANGUY CLAUDE ,01/05/22,31/05/22,,30,2,40,,,,,
CE070,DOUMBIA ,IBRAHIM ,01/05/22,31/05/22,,30,4,40,,,,,
TEMP5,EBESSON ,SOPIE BENEDICTE ,01/05/22,31/05/22,,30,3,40,,,,,
CE066,GONTONON ,HARRY LATIF,01/05/22,31/05/22,,30,,40,,,,,
CE160,GOTTA,DJAGO CARLOS,01/05/22,31/05/22,,30,,40,,,,,
CE073,IRIE BI ,SERI ALAIN FABRICE ,01/05/22,31/05/22,,30,,40,,,,,
CE077,KOFFI,ALLA JEAN FIDEL,01/05/22,31/05/22,,30,,40,,,,,
CE152,KOFFI,GUILLAUME,01/05/22,31/05/22,,30,1,40,,,,,
CE078,KOFFI ,JEAN DONATIEN ,01/05/22,31/05/22,,30,1,40,,,,,
AD028,KOMAH ,IBRAHIM ,01/05/22,31/05/22,,30,,40,,,,,
CE060,KONE ,MAMADOU ,01/05/22,31/05/22,,30,,40,,,,,
AD032,KOUADIO ,FLORE ,01/05/22,31/05/22,,30,,40,,,,,
TEMP6,KOUADIO ,SANDRA MARYLINE ,01/05/22,31/05/22,,30,,40,,,,,
CU01,KOUAKOU,BROU JULIETTE,01/05/22,31/05/22,,30,,40,,,,,
CE044,KOUAME ,EMMANUEL,01/05/22,31/05/22,,30,,40,,,,,
CE169,KOUASSI,BAUHA,01/05/22,31/05/22,,30,,40,,,,,
CE087,N'GUESSAN ,KOUAME APPOLINAIRE,01/05/22,31/05/22,,30,1,40,,,,,
CE085,N'GUETTA ,BOSSON FRANCK,01/05/22,31/05/22,,30,,40,,,,,
CE032,OTE ,TAPE MEDARD,01/05/22,31/05/22,,30,,40,,,,,
CE089,OUATTARA ,ZANGUEPE ALASSANE,01/05/22,31/05/22,,30,,40,,,,,
G002,OUEDRAOGO,DAOUDA,01/05/22,31/05/22,,30,,40,,,,,
CE067,SORO,TANNILOH,01/05/22,31/05/22,,30,,40,,,,,
CE080,VAGNE ,ABASS OUATARA ,01/05/22,31/05/22,,30,1,40,,,,,
CE025,VREROU ,ZABLE HERMANN,01/05/22,31/05/22,,30,,40,,,,,
CE022,YAO,KOUASSI SIMPLICE ,01/05/22,31/05/22,,30,,,,,,,
CE030,YAO ,FRANCK SALES,01/05/22,31/05/22,,30,,40,,,,,
TEMP7,YAO ,OUGOU JEAN JACQUES ROGER,01/05/22,31/05/22,,30,,40,,,,,
G001,YORO,ABDOULAYE,01/05/22,31/05/22,,30,,40,,,,,
CE021,ZEBA ,NOUFOU ,01/05/22,31/05/22,,30,,40,,,,,
CE084,ZIME BI,HUE SIMON ,01/05/22,31/05/22,,30,,40,,,,,
CE076,ZOMBRA ,ISSOUFOU ,01/05/22,31/05/22,,30,,40,,,,,
